min, mean, std, time(s)
NaN, 0, 0, 351.1228
NaN, -0.42847299114291565, 0.3905686608556387, 351.1228
NaN, 0, 0, 351.1228
NaN, 0, 0, 351.1228
NaN, 0, 0, 351.1228
NaN, 0, 0, 351.1228
NaN, 0, 0, 351.1228
NaN, 0, 0, 351.1228
NaN, 0, 0, 351.1228
NaN, 0, 0, 351.1228
NaN, 0, 0, 351.1228
NaN, 0.5048264672110174, 0.28451645279707444, 351.1228
NaN, 0, 0, 351.1228
NaN, 0.0000000000000004440892098500626, 0, 351.1228
NaN, 0, 0, 351.1228
NaN, 0, 0, 351.1228
