min, mean, std, time(s)
NaN, 0, 0, 229.1948
NaN, -0.4959177972229238, 0.3793934109522204, 229.1948
NaN, 0, 0, 229.1948
NaN, 0, 0, 229.1948
NaN, 0, 0, 229.1948
NaN, 0, 0, 229.1948
NaN, 0, 0, 229.1948
NaN, 0, 0, 229.1948
NaN, 0, 0, 229.1948
NaN, 0, 0, 229.1948
NaN, 0, 0, 229.1948
NaN, 0.6091573967034958, 0.23432288231532186, 229.1948
NaN, 0, 0, 229.1948
NaN, 0.0000000000000004440892098500626, 0, 229.1948
NaN, 0, 0, 229.1948
NaN, 0, 0, 229.1948
