min, mean, std, time(s)
0, 0.000000000000000000000000000000000000000000000000000000000000000000000000000000000000000000000000000000000000000000000000000000000000000000000000000000000000000000000000000000000000000000000000000000000000000000000000000000000000000000000000000000000000000000000000000000000000000002018676990013464, 0, 1154.0963
-1.0316284534898776, -0.9234405327427303, 0.28136399702710796, 877.2724
0, 0, 0, 1827.1791
0, 0.000000000000000000000000000000000000000000000000000000000000000000000000000000000000000000000000872517895901687, 0.000000000000000000000000000000000000000000000000000000000000000000000000000000000000000000000004698652666604809, 2080.5290
0, 0.000000000000000000000000000000000000000000000000000000000000000000000000000000000000000000000011100795861766906, 0.00000000000000000000000000000000000000000000000000000000000000000000000000000000000000000000005977961520597148, 886.4815
0, 0.00000000000000000000000000012820562534949585, 0.0000000000000000000000000006904084217087763, 4017.6894
0, 0, 0, 1531.2548
0, 0, 0, 1760.5851
0, 0.00000000000000000000000000000000000000000000000000000000000000000003134943770571901, 0.00000000000000000000000000000000000000000000000000000000000000000016882188865629344, 3731.2646
